{
    "loss": 20.36141014099121,
    "accuracy": 0.5686274766921997
}